<?xml version="1.0" encoding="UTF-8"?>
<project-private xmlns="http://www.netbeans.org/ns/project-private/1">
    <editor-bookmarks xmlns="http://www.netbeans.org/ns/editor-bookmarks/2" lastBookmarkId="0"/>
    <open-files xmlns="http://www.netbeans.org/ns/projectui-open-files/2">
        <group>
            <file>file:/G:/3-1/My%20Stuff/Database%20Lab/Project/4/Open%20Credit%20System/src/Login.java</file>
            <file>file:/G:/3-1/My%20Stuff/Database%20Lab/Project/4/Open%20Credit%20System/src/CourseSelection11.java</file>
            <file>file:/G:/3-1/My%20Stuff/Database%20Lab/Project/4/Open%20Credit%20System/src/CourseSelection.java</file>
        </group>
    </open-files>
</project-private>
